Symbol,Date,Prev Close,Close Price,Pct Change
DMART,2017-03-21,299.0,641.6,2.145819397993311
DMART,2017-03-22,641.6,638.55,0.9952462593516208
DMART,2017-03-23,638.55,634.85,0.994205622112599
DMART,2017-03-24,634.85,616.9,0.9717256044734977
DMART,2017-03-27,616.9,614.4,0.9959474793321446
DMART,2017-03-28,614.4,628.8,1.0234375
DMART,2017-03-29,628.8,628.25,0.9991253180661578
DMART,2017-03-30,628.25,631.85,1.0057302029446877
DMART,2017-03-31,631.85,637.85,1.0094959246656643
DMART,2017-04-03,637.85,634.25,0.9943560398212745
DMART,2017-04-05,634.25,632.15,0.9966890027591643
DMART,2017-04-06,632.15,664.4,1.0510163726963537
DMART,2017-04-07,664.4,751.2,1.1306441902468394
DMART,2017-04-10,751.2,774.1,1.0304845580404685
DMART,2017-04-11,774.1,778.55,1.005748611290531
DMART,2017-04-12,778.55,762.2,0.9789994220024405
DMART,2017-04-13,762.2,783.25,1.0276174232484911
DMART,2017-04-17,783.25,774.05,0.9882540695818703
DMART,2017-04-18,774.05,730.15,0.9432853174859506
DMART,2017-04-19,730.15,732.8,1.003629391220982
DMART,2017-04-20,732.8,756.3,1.0320687772925765
DMART,2017-04-21,756.3,743.2,0.9826788311516595
DMART,2017-04-24,743.2,726.3,0.9772604951560817
DMART,2017-04-25,726.3,734.8,1.0117031529670935
DMART,2017-04-26,734.8,747.9,1.0178279804028307
DMART,2017-04-27,747.9,740.1,0.9895707982350582
DMART,2017-04-28,740.1,736.5,0.9951357924604782
DMART,2017-05-02,736.5,752.3,1.0214528173794977
DMART,2017-05-03,752.3,756.85,1.0060481191014223
DMART,2017-05-04,756.85,773.25,1.0216687586708066
DMART,2017-05-05,773.25,808.9,1.0461041060459102
DMART,2017-05-08,808.9,780.15,0.9644579057979973
DMART,2017-05-09,780.15,780.05,0.9998718195218868
DMART,2017-05-10,780.05,790.85,1.0138452663290816
DMART,2017-05-11,790.85,761.8,0.9632673705506732
DMART,2017-05-12,761.8,751.8,0.9868731950643214
DMART,2017-05-15,751.8,752.15,1.0004655493482308
DMART,2017-05-16,752.15,750.4,0.9976733364355514
DMART,2017-05-17,750.4,744.9,0.9926705756929638
DMART,2017-05-18,744.9,727.45,0.976574036783461
DMART,2017-05-19,727.45,722.9,0.9937452745893187
DMART,2017-05-22,722.9,721.55,0.9981325217872458
DMART,2017-05-23,721.55,708.4,0.981775344743954
DMART,2017-05-24,708.4,714.2,1.008187464709204
DMART,2017-05-25,714.2,712.4,0.9974796975637076
DMART,2017-05-26,712.4,714.9,1.0035092644581696
DMART,2017-05-29,714.9,714.8,0.9998601202965449
DMART,2017-05-30,714.8,727.85,1.0182568550643538
DMART,2017-05-31,727.85,745.15,1.0237686336470426
DMART,2017-06-01,745.15,776.85,1.0425417701134
DMART,2017-06-02,776.85,779.65,1.0036042994143013
DMART,2017-06-05,779.65,789.75,1.0129545308792407
DMART,2017-06-06,789.75,775.35,0.9817663817663818
DMART,2017-06-07,775.35,774.3,0.9986457728767653
DMART,2017-06-08,774.3,790.25,1.0205992509363297
DMART,2017-06-09,790.25,802.35,1.015311610249921
DMART,2017-06-12,802.35,804.1,1.0021810930391974
DMART,2017-06-13,804.1,798.65,0.9932222360402935
DMART,2017-06-14,798.65,798.55,0.9998747887059413
DMART,2017-06-15,798.55,797.95,0.9992486381566591
DMART,2017-06-16,797.95,800.1,1.002694404411304
DMART,2017-06-19,800.1,796.4,0.9953755780527433
DMART,2017-06-20,796.4,822.05,1.0322074334505273
DMART,2017-06-21,822.05,817.8,0.9948299981752935
DMART,2017-06-22,817.8,803.9,0.9830031792614331
DMART,2017-06-23,803.9,801.6,0.9971389476303023
DMART,2017-06-27,801.6,804.6,1.0037425149700598
DMART,2017-06-28,804.6,818.05,1.0167163808103405
DMART,2017-06-29,818.05,815.5,0.9968828311227921
DMART,2017-06-30,815.5,815.1,0.9995095033721644
DMART,2017-07-03,815.1,840.05,1.0306097411360569
DMART,2017-07-04,840.05,836.2,0.9954169394678889
DMART,2017-07-05,836.2,846.05,1.0117794785936378
DMART,2017-07-06,846.05,880.3,1.040482241002305
DMART,2017-07-07,880.3,895.45,1.0172100420311259
DMART,2017-07-10,895.45,934.6,1.0437210341169245
DMART,2017-07-11,934.6,913.95,0.9779049860903061
DMART,2017-07-12,913.95,910.3,0.9960063460802012
DMART,2017-07-13,910.3,915.15,1.0053279138745468
DMART,2017-07-14,915.15,891.35,0.9739933344260504
DMART,2017-07-17,891.35,911.7,1.0228305379480565
DMART,2017-07-18,911.7,910.65,0.9988483053636064
DMART,2017-07-19,910.65,911.7,1.0011530225662988
DMART,2017-07-20,911.7,909.2,0.9972578699133486
DMART,2017-07-21,909.2,914.75,1.0061042674879015
DMART,2017-07-24,914.75,916.55,1.0019677507515714
DMART,2017-07-25,916.55,925.65,1.009928536359173
DMART,2017-07-26,925.65,909.6,0.9826608329282126
DMART,2017-07-27,909.6,896.9,0.9860378188214599
DMART,2017-07-28,896.9,898.55,1.0018396699743561
DMART,2017-07-31,898.55,919.7,1.0235379222080019
DMART,2017-08-01,919.7,916.05,0.9960313145590952
DMART,2017-08-02,916.05,906.8,0.9899022979095028
DMART,2017-08-03,906.8,898.1,0.9904058226731364
DMART,2017-08-04,898.1,911.35,1.0147533682218015
DMART,2017-08-07,911.35,923.8,1.0136610522850715
DMART,2017-08-08,923.8,902.3,0.9767265641913834
DMART,2017-08-09,902.3,889.25,0.9855369610994127
DMART,2017-08-10,889.25,880.8,0.990497610345797
DMART,2017-08-11,880.8,890.1,1.0105585831062671
DMART,2017-08-14,890.1,902.45,1.013874845522975
DMART,2017-08-16,902.45,907.8,1.005928306277356
DMART,2017-08-17,907.8,920.8,1.0143203348755232
DMART,2017-08-18,920.8,926.25,1.0059187662901825
DMART,2017-08-21,926.25,927.1,1.0009176788124157
DMART,2017-08-22,927.1,958.05,1.033383669507065
DMART,2017-08-23,958.05,989.5,1.0328270967068525
DMART,2017-08-24,989.5,994.6,1.0051541182415362
DMART,2017-08-28,994.6,1046.15,1.0518298813593405
DMART,2017-08-29,1046.15,1032.85,0.9872867179658747
DMART,2017-08-30,1032.85,1050.9,1.0174759161543305
DMART,2017-08-31,1050.9,1039.8,0.9894376248929487
DMART,2017-09-01,1039.8,1048.4,1.0082708213117908
DMART,2017-09-04,1048.4,1020.65,0.9735310950019076
DMART,2017-09-05,1020.65,1077.7,1.0558957527066086
DMART,2017-09-06,1077.7,1066.6,0.989700287649624
DMART,2017-09-07,1066.6,1076.2,1.0090005625351586
DMART,2017-09-08,1076.2,1070.85,0.9950288050548224
DMART,2017-09-11,1070.85,1088.8,1.0167623850212448
DMART,2017-09-12,1088.8,1088.45,0.9996785451873623
DMART,2017-09-13,1088.45,1091.5,1.0028021498461115
DMART,2017-09-14,1091.5,1089.75,0.9983967017865323
DMART,2017-09-15,1089.75,1087.75,0.9981647166781372
DMART,2017-09-18,1087.75,1089.5,1.0016088255573432
DMART,2017-09-19,1089.5,1077.55,0.9890316659017898
DMART,2017-09-20,1077.55,1084.75,1.0066818245093037
DMART,2017-09-21,1084.75,1069.05,0.9855266190366443
DMART,2017-09-22,1069.05,1039.15,0.9720312426921099
DMART,2017-09-25,1039.15,1029.0,0.9902324014819803
DMART,2017-09-26,1029.0,1116.05,1.0845966958211857
DMART,2017-09-27,1116.05,1076.75,0.964786523901259
DMART,2017-09-28,1076.75,1043.95,0.9695379614580916
DMART,2017-09-29,1043.95,1078.45,1.03304755974903
DMART,2017-10-03,1078.45,1100.95,1.0208632759979601
DMART,2017-10-04,1100.95,1099.35,0.9985467096598392
DMART,2017-10-05,1099.35,1104.0,1.0042297721380817
DMART,2017-10-06,1104.0,1105.25,1.0011322463768115
DMART,2017-10-09,1105.25,1116.75,1.0104048857724497
DMART,2017-10-10,1116.75,1184.65,1.0608014327289008
DMART,2017-10-11,1184.65,1213.1,1.0240155320136748
DMART,2017-10-12,1213.1,1268.65,1.045791773143187
DMART,2017-10-13,1268.65,1229.9,0.9694557206479328
DMART,2017-10-16,1229.9,1232.45,1.0020733392958776
DMART,2017-10-17,1232.45,1220.0,0.9898981703111688
DMART,2017-10-18,1220.0,1159.7,0.9505737704918034
DMART,2017-10-19,1159.7,1167.4,1.0066396481848754
DMART,2017-10-23,1167.4,1126.4,0.9648792187767689
DMART,2017-10-24,1126.4,1092.9,0.9702592329545454
DMART,2017-10-25,1092.9,1143.7,1.0464818373135694
DMART,2017-10-26,1143.7,1143.1,0.9994753869021595
DMART,2017-10-27,1143.1,1136.2,0.9939637826961771
DMART,2017-10-30,1136.2,1147.9,1.0102974828375286
DMART,2017-10-31,1147.9,1140.6,0.9936405610244793
DMART,2017-11-01,1140.6,1151.8,1.009819393301771
DMART,2017-11-02,1151.8,1149.45,0.9979597152283384
DMART,2017-11-03,1149.45,1129.15,0.9823393797033364
DMART,2017-11-06,1129.15,1125.5,0.9967674799628038
DMART,2017-11-07,1125.5,1100.2,0.9775211017325633
DMART,2017-11-08,1100.2,1098.05,0.9980458098527539
DMART,2017-11-09,1098.05,1122.2,1.021993533992077
DMART,2017-11-10,1122.2,1159.65,1.0333719479593655
DMART,2017-11-13,1159.65,1160.95,1.001121027896348
DMART,2017-11-14,1160.95,1122.15,0.966579094706921
DMART,2017-11-15,1122.15,1098.4,0.9788352715768837
DMART,2017-11-16,1098.4,1112.6,1.0129278951201746
DMART,2017-11-17,1112.6,1106.05,0.9941128887291031
DMART,2017-11-20,1106.05,1106.15,1.0000904118258669
DMART,2017-11-21,1106.15,1112.3,1.0055598246169144
DMART,2017-11-22,1112.3,1137.8,1.0229254697473704
DMART,2017-11-23,1137.8,1146.3,1.0074705572156795
DMART,2017-11-24,1146.3,1149.9,1.0031405391258834
DMART,2017-11-27,1149.9,1129.85,0.9825637011914078
DMART,2017-11-28,1129.85,1128.25,0.9985838828163032
DMART,2017-11-29,1128.25,1125.55,0.9976069133614004
DMART,2017-11-30,1125.55,1118.1,0.9933810137266225
DMART,2017-12-01,1118.1,1114.4,0.996690814775065
DMART,2017-12-04,1114.4,1150.7,1.0325735821966977
DMART,2017-12-05,1150.7,1133.35,0.9849222212566263
DMART,2017-12-06,1133.35,1123.95,0.991706004323466
DMART,2017-12-07,1123.95,1142.4,1.0164153209662352
DMART,2017-12-08,1142.4,1132.55,0.991377801120448
DMART,2017-12-11,1132.55,1127.4,0.9954527393934044
DMART,2017-12-12,1127.4,1115.75,0.9896664892673407
DMART,2017-12-13,1115.75,1108.0,0.9930539995518709
DMART,2017-12-14,1108.0,1104.2,0.9965703971119134
DMART,2017-12-15,1104.2,1121.8,1.0159391414598804
DMART,2017-12-18,1121.8,1135.25,1.0119896594758424
DMART,2017-12-19,1135.25,1146.0,1.0094692798942964
DMART,2017-12-20,1146.0,1143.0,0.9973821989528796
DMART,2017-12-21,1143.0,1155.6,1.011023622047244
DMART,2017-12-22,1155.6,1151.1,0.9961059190031153
DMART,2017-12-26,1151.1,1150.15,0.9991747024585181
DMART,2017-12-27,1150.15,1146.35,0.9966960831195929
DMART,2017-12-28,1146.35,1148.35,1.0017446678588564
DMART,2017-12-29,1148.35,1181.35,1.028736883354378
DMART,2018-01-01,1181.35,1170.5,0.9908155923308081
DMART,2018-01-02,1170.5,1160.0,0.9910294745835113
DMART,2018-01-03,1160.0,1184.55,1.0211637931034483
DMART,2018-01-04,1184.55,1203.1,1.0156599552572707
DMART,2018-01-05,1203.1,1243.4,1.0334967999335052
DMART,2018-01-08,1243.4,1226.8,0.986649509409683
DMART,2018-01-09,1226.8,1234.1,1.0059504401695467
DMART,2018-01-10,1234.1,1249.3,1.0123166680171785
DMART,2018-01-11,1249.3,1245.5,0.9969582966461219
DMART,2018-01-12,1245.5,1234.6,0.9912484945804897
DMART,2018-01-15,1234.6,1228.85,0.9953426210918516
DMART,2018-01-16,1228.85,1187.0,0.9659437685641047
DMART,2018-01-17,1187.0,1167.35,0.9834456613310867
DMART,2018-01-18,1167.35,1135.45,0.9726731485844007
DMART,2018-01-19,1135.45,1144.35,1.0078383019948036
DMART,2018-01-22,1144.35,1176.3,1.0279197797876525
DMART,2018-01-23,1176.3,1169.2,0.9939641247980958
DMART,2018-01-24,1169.2,1142.15,0.9768645227505988
DMART,2018-01-25,1142.15,1159.3,1.0150155408659107
DMART,2018-01-29,1159.3,1181.9,1.0194945225567154
DMART,2018-01-30,1181.9,1184.6,1.002284457229884
DMART,2018-01-31,1184.6,1179.65,0.9958213743035625
DMART,2018-02-01,1179.65,1174.3,0.9954647564955706
DMART,2018-02-02,1174.3,1135.1,0.9666184109682363
DMART,2018-02-05,1135.1,1117.3,0.9843185622412123
DMART,2018-02-06,1117.3,1105.7,0.9896178286941736
DMART,2018-02-07,1105.7,1122.65,1.0153296554219047
DMART,2018-02-08,1122.65,1165.55,1.0382131563710861
DMART,2018-02-09,1165.55,1177.8,1.0105100596285015
DMART,2018-02-12,1177.8,1187.2,1.0079809814909153
DMART,2018-02-14,1187.2,1201.4,1.0119609164420487
DMART,2018-02-15,1201.4,1183.95,0.9854752788413517
DMART,2018-02-16,1183.95,1173.5,0.9911736137505807
DMART,2018-02-19,1173.5,1168.9,0.996080102258202
DMART,2018-02-20,1168.9,1186.8,1.0153135426469329
DMART,2018-02-21,1186.8,1237.8,1.0429726996966633
DMART,2018-02-22,1237.8,1240.65,1.0023024721279692
DMART,2018-02-23,1240.65,1300.25,1.0480393342199652
DMART,2018-02-26,1300.25,1291.2,0.9930398000384542
DMART,2018-02-27,1291.2,1354.7,1.0491790582403966
DMART,2018-02-28,1354.7,1348.15,0.9951649811766443
DMART,2018-03-01,1348.15,1314.25,0.9748544301450135
DMART,2018-03-05,1314.25,1314.3,1.0000380445120791
DMART,2018-03-06,1314.3,1327.15,1.0097770676405693
DMART,2018-03-07,1327.15,1298.8,0.9786384357457709
DMART,2018-03-08,1298.8,1293.15,0.9956498306128735
DMART,2018-03-09,1293.15,1306.55,1.0103622936240961
DMART,2018-03-12,1306.55,1315.65,1.006964907581034
DMART,2018-03-13,1315.65,1337.9,1.0169117926500209
DMART,2018-03-14,1337.9,1345.2,1.0054563121309514
DMART,2018-03-15,1345.2,1359.8,1.010853404698186
DMART,2018-03-16,1359.8,1365.8,1.004412413590234
DMART,2018-03-19,1365.8,1342.55,0.9829770098110997
DMART,2018-03-20,1342.55,1346.5,1.00294216230308
DMART,2018-03-21,1346.5,1339.6,0.9948756034162644
DMART,2018-03-22,1339.6,1320.45,0.9857046879665573
DMART,2018-03-23,1320.45,1281.1,0.9701995531826271
DMART,2018-03-26,1281.1,1341.45,1.0471079541019437
DMART,2018-03-27,1341.45,1355.2,1.010250102501025
DMART,2018-03-28,1355.2,1324.8,0.9775678866587957
DMART,2018-04-02,1324.8,1357.3,1.0245320048309179
DMART,2018-04-03,1357.3,1364.3,1.00515729757607
DMART,2018-04-04,1364.3,1359.15,0.9962251704170638
DMART,2018-04-05,1359.15,1401.3,1.0310120295773093
DMART,2018-04-06,1401.3,1419.85,1.0132377078427175
DMART,2018-04-09,1419.85,1440.5,1.0145437898369547
DMART,2018-04-10,1440.5,1488.85,1.0335647344671988
DMART,2018-04-11,1488.85,1473.0,0.9893541995499883
DMART,2018-04-12,1473.0,1471.25,0.9988119484046164
DMART,2018-04-13,1471.25,1469.1,0.9985386576040781
DMART,2018-04-16,1469.1,1481.4,1.008372472942618
DMART,2018-04-17,1481.4,1506.8,1.0171459430268663
DMART,2018-04-18,1506.8,1492.65,0.9906092381205204
DMART,2018-04-19,1492.65,1488.65,0.9973202023247245
DMART,2018-04-20,1488.65,1475.4,0.9910993181741846
DMART,2018-04-23,1475.4,1489.5,1.0095567303782025
DMART,2018-04-24,1489.5,1475.75,0.990768714333669
DMART,2018-04-25,1475.75,1480.25,1.0030492969676437
DMART,2018-04-26,1480.25,1474.35,0.9960141867927714
DMART,2018-04-27,1474.35,1483.0,1.0058669922338659
DMART,2018-04-30,1483.0,1490.65,1.0051584625758598
DMART,2018-05-02,1490.65,1495.85,1.0034884110958306
DMART,2018-05-03,1495.85,1492.3,0.9976267673897784
DMART,2018-05-04,1492.3,1486.8,0.9963144139918247
DMART,2018-05-07,1486.8,1465.0,0.9853376378800108
DMART,2018-05-08,1465.0,1467.15,1.0014675767918089
DMART,2018-05-09,1467.15,1447.75,0.9867770848243193
DMART,2018-05-10,1447.75,1456.45,1.0060093248143671
DMART,2018-05-11,1456.45,1453.9,0.9982491674963095
DMART,2018-05-14,1453.9,1425.2,0.980259990370727
DMART,2018-05-15,1425.2,1485.45,1.0422747684535503
DMART,2018-05-16,1485.45,1494.95,1.00639536840688
DMART,2018-05-17,1494.95,1495.0,1.0000334459346467
DMART,2018-05-18,1495.0,1417.2,0.9479598662207358
DMART,2018-05-21,1417.2,1345.45,0.9493720011289868
DMART,2018-05-22,1345.45,1380.55,1.026087925972723
DMART,2018-05-23,1380.55,1358.75,0.9842091919887002
DMART,2018-05-24,1358.75,1409.9,1.037644894204232
DMART,2018-05-25,1409.9,1497.55,1.0621675296120292
DMART,2018-05-28,1497.55,1528.9,1.0209341925144404
DMART,2018-05-29,1528.9,1544.05,1.0099090849630452
DMART,2018-05-30,1544.05,1565.95,1.014183478514297
DMART,2018-05-31,1565.95,1572.15,1.0039592579584278
DMART,2018-06-01,1572.15,1531.1,0.9738892599306681
DMART,2018-06-04,1531.1,1486.4,0.9708053033766574
DMART,2018-06-05,1486.4,1453.75,0.9780341765339073
DMART,2018-06-06,1453.75,1519.55,1.045262252794497
DMART,2018-06-07,1519.55,1555.55,1.0236912243756375
DMART,2018-06-08,1555.55,1593.55,1.024428658673781
DMART,2018-06-11,1593.55,1594.4,1.0005334002698378
DMART,2018-06-12,1594.4,1607.95,1.0084984947315605
DMART,2018-06-13,1607.95,1595.85,0.9924748903883827
DMART,2018-06-14,1595.85,1568.5,0.9828617977880127
DMART,2018-06-15,1568.5,1535.35,0.9788651577940707
DMART,2018-06-18,1535.35,1523.65,0.9923795877161561
DMART,2018-06-19,1523.65,1485.05,0.9746660978571193
DMART,2018-06-20,1485.05,1483.75,0.9991246085990371
DMART,2018-06-21,1483.75,1490.35,1.0044481887110361
DMART,2018-06-22,1490.35,1494.25,1.002616834971651
DMART,2018-06-25,1494.25,1480.5,0.990798059227037
DMART,2018-06-26,1480.5,1468.25,0.991725768321513
DMART,2018-06-27,1468.25,1452.5,0.9892729439809297
DMART,2018-06-28,1452.5,1435.45,0.9882616179001722
DMART,2018-06-29,1435.45,1485.4,1.0347974502769166
DMART,2018-07-02,1485.4,1525.9,1.0272653830618015
DMART,2018-07-03,1525.9,1521.95,0.997411363785307
DMART,2018-07-04,1521.95,1538.3,1.0107427970695488
DMART,2018-07-05,1538.3,1546.45,1.005298056295911
DMART,2018-07-06,1546.45,1568.25,1.014096802353778
DMART,2018-07-09,1568.25,1563.85,0.9971943248844253
DMART,2018-07-10,1563.85,1598.1,1.0219010774690667
DMART,2018-07-11,1598.1,1595.95,0.9986546523997247
DMART,2018-07-12,1595.95,1587.75,0.9948619944233842
DMART,2018-07-13,1587.75,1576.0,0.9925995906156511
DMART,2018-07-16,1576.0,1548.05,0.982265228426396
DMART,2018-07-17,1548.05,1561.65,1.008785245954588
DMART,2018-07-18,1561.65,1551.8,0.993692568757404
DMART,2018-07-19,1551.8,1522.0,0.9807964943936075
DMART,2018-07-20,1522.0,1521.5,0.9996714848883048
DMART,2018-07-23,1521.5,1531.6,1.0066381860006572
DMART,2018-07-24,1531.6,1571.65,1.0261491250979369
DMART,2018-07-25,1571.65,1563.05,0.9945280437756497
DMART,2018-07-26,1563.05,1556.6,0.9958734525447043
DMART,2018-07-27,1556.6,1566.7,1.0064885005781834
DMART,2018-07-30,1566.7,1594.85,1.0179677028148337
DMART,2018-07-31,1594.85,1654.9,1.0376524438034926
DMART,2018-08-01,1654.9,1669.7,1.008943138558221
DMART,2018-08-02,1669.7,1656.35,0.992004551715877
DMART,2018-08-03,1656.35,1650.75,0.9966190720560268
DMART,2018-08-06,1650.75,1635.55,0.9907920642132364
DMART,2018-08-07,1635.55,1624.85,0.9934578582128336
DMART,2018-08-08,1624.85,1627.85,1.001846324276087
DMART,2018-08-09,1627.85,1613.2,0.9910003992996899
DMART,2018-08-10,1613.2,1589.4,0.9852467146045129
DMART,2018-08-13,1589.4,1566.05,0.9853089216056372
DMART,2018-08-14,1566.05,1571.6,1.0035439481498036
DMART,2018-08-16,1571.6,1563.55,0.9948778315092899
DMART,2018-08-17,1563.55,1616.7,1.0339931565987657
DMART,2018-08-20,1616.7,1614.15,0.998422712933754
DMART,2018-08-21,1614.15,1587.5,0.9834897624136542
DMART,2018-08-23,1587.5,1554.85,0.9794330708661416
DMART,2018-08-24,1554.85,1559.7,1.0031192719554942
DMART,2018-08-27,1559.7,1588.1,1.0182086298647175
DMART,2018-08-28,1588.1,1592.45,1.0027391222215227
DMART,2018-08-29,1592.45,1603.1,1.0066878080944455
DMART,2018-08-30,1603.1,1591.8,0.9929511571330547
DMART,2018-08-31,1591.8,1604.5,1.0079783892448801
DMART,2018-09-03,1604.5,1604.65,1.0000934870676224
DMART,2018-09-04,1604.65,1573.4,0.9805253482067741
DMART,2018-09-05,1573.4,1564.3,0.9942163467649675
DMART,2018-09-06,1564.3,1560.5,0.9975707984401969
DMART,2018-09-07,1560.5,1561.2,1.000448574174944
DMART,2018-09-10,1561.2,1526.4,0.9777094542659494
DMART,2018-09-11,1526.4,1506.8,0.9871593291404611
DMART,2018-09-12,1506.8,1522.6,1.010485797717016
DMART,2018-09-14,1522.6,1535.15,1.008242479968475
DMART,2018-09-17,1535.15,1524.8,0.9932579878187798
DMART,2018-09-18,1524.8,1534.7,1.0064926547743966
DMART,2018-09-19,1534.7,1515.15,0.9872613540105558
DMART,2018-09-21,1515.15,1501.85,0.9912219912219911
DMART,2018-09-24,1501.85,1450.75,0.9659752971335354
DMART,2018-09-25,1450.75,1427.15,0.9837325521282096
DMART,2018-09-26,1427.15,1420.8,0.9955505728199557
DMART,2018-09-27,1420.8,1404.75,0.9887035472972974
DMART,2018-09-28,1404.75,1395.95,0.9937355401316961
DMART,2018-10-01,1395.95,1348.75,0.9661879007127762
DMART,2018-10-03,1348.75,1301.4,0.9648934198331789
DMART,2018-10-04,1301.4,1346.35,1.03453972644844
DMART,2018-10-05,1346.35,1331.2,0.988747353956995
DMART,2018-10-08,1331.2,1304.9,0.980243389423077
DMART,2018-10-09,1304.9,1372.5,1.0518047359950953
DMART,2018-10-10,1372.5,1374.4,1.001384335154827
DMART,2018-10-11,1374.4,1326.1,0.9648573923166471
DMART,2018-10-12,1326.1,1411.7,1.0645501847522811
DMART,2018-10-15,1411.7,1329.75,0.9419494226818729
DMART,2018-10-16,1329.75,1336.95,1.005414551607445
DMART,2018-10-17,1336.95,1308.65,0.9788324170687012
DMART,2018-10-19,1308.65,1234.25,0.9431475184350284
DMART,2018-10-22,1234.25,1191.8,0.9656066437107554
DMART,2018-10-23,1191.8,1133.7,0.9512502097667395
DMART,2018-10-24,1133.7,1168.25,1.0304754344182765
DMART,2018-10-25,1168.25,1187.1,1.0161352450246093
DMART,2018-10-26,1187.1,1226.6,1.033274366102266
DMART,2018-10-29,1226.6,1291.25,1.0527066688406979
DMART,2018-10-30,1291.25,1273.6,0.9863310745401742
DMART,2018-10-31,1273.6,1337.95,1.050526067839196
DMART,2018-11-01,1337.95,1366.1,1.0210396502111438
DMART,2018-11-02,1366.1,1462.5,1.0705658443744968
DMART,2018-11-05,1462.5,1436.05,0.9819145299145299
DMART,2018-11-06,1436.05,1424.0,0.9916089272657638
DMART,2018-11-07,1424.0,1425.15,1.0008075842696629
DMART,2018-11-09,1425.15,1396.75,0.9800722730940602
DMART,2018-11-12,1396.75,1391.75,0.9964202613209235
DMART,2018-11-13,1391.75,1374.35,0.9874977546254715
DMART,2018-11-14,1374.35,1380.7,1.0046203659911959
DMART,2018-11-15,1380.7,1388.45,1.005613094806982
DMART,2018-11-16,1388.45,1387.9,0.9996038748244446
DMART,2018-11-19,1387.9,1412.55,1.0177606455796526
DMART,2018-11-20,1412.55,1412.5,0.9999646030229019
DMART,2018-11-21,1412.5,1421.35,1.0062654867256637
DMART,2018-11-22,1421.35,1410.9,0.9926478348049391
DMART,2018-11-26,1410.9,1393.7,0.9878091998015451
DMART,2018-11-27,1393.7,1404.95,1.0080720384587787
DMART,2018-11-28,1404.95,1443.7,1.027581052706502
DMART,2018-11-29,1443.7,1438.1,0.9961210777862436
DMART,2018-11-30,1438.1,1492.5,1.037827689312287
DMART,2018-12-03,1492.5,1477.45,0.9899162479061977
DMART,2018-12-04,1477.45,1485.7,1.0055839453111781
DMART,2018-12-05,1485.7,1502.55,1.0113414552063
DMART,2018-12-06,1502.55,1496.65,0.9960733419852917
DMART,2018-12-07,1496.65,1513.15,1.0110246216550296
DMART,2018-12-10,1513.15,1510.2,0.998050424610911
DMART,2018-12-11,1510.2,1546.5,1.024036551450139
DMART,2018-12-12,1546.5,1559.75,1.0085677335919818
DMART,2018-12-13,1559.75,1582.9,1.0148421221349575
DMART,2018-12-14,1582.9,1594.5,1.0073283214353401
DMART,2018-12-17,1594.5,1616.25,1.0136406396989652
DMART,2018-12-18,1616.25,1668.15,1.0321113689095127
DMART,2018-12-19,1668.15,1650.6,0.9894793633666036
DMART,2018-12-20,1650.6,1646.1,0.9972737186477645
DMART,2018-12-21,1646.1,1648.1,1.0012149930137901
DMART,2018-12-24,1648.1,1545.75,0.9378981857896973
DMART,2018-12-26,1545.75,1554.85,1.0058871098172408
DMART,2018-12-27,1554.85,1570.15,1.0098401775090846
DMART,2018-12-28,1570.15,1654.95,1.0540075788937362
DMART,2018-12-31,1654.95,1606.65,0.9708148282425452
DMART,2019-01-01,1606.65,1590.75,0.9901036317804126
DMART,2019-01-02,1590.75,1560.25,0.9808266540939808
DMART,2019-01-03,1560.25,1575.9,1.0100304438391283
DMART,2019-01-04,1575.9,1577.75,1.001173932356114
DMART,2019-01-07,1577.75,1571.15,0.9958168277610522
DMART,2019-01-08,1571.15,1572.4,1.0007955955828534
DMART,2019-01-09,1572.4,1595.75,1.0148499109641311
DMART,2019-01-10,1595.75,1587.8,0.9950180166066113
DMART,2019-01-11,1587.8,1571.65,0.9898286937901499
DMART,2019-01-14,1571.65,1397.4,0.8891292590589508
DMART,2019-01-15,1397.4,1390.0,0.994704451123515
DMART,2019-01-16,1390.0,1393.25,1.0023381294964029
DMART,2019-01-17,1393.25,1368.0,0.9818769065135474
DMART,2019-01-18,1368.0,1383.05,1.011001461988304
DMART,2019-01-21,1383.05,1351.3,0.9770434908354724
DMART,2019-01-22,1351.3,1357.9,1.004884185599053
DMART,2019-01-23,1357.9,1397.3,1.0290153914132114
DMART,2019-01-24,1397.3,1391.55,0.995884920918915
DMART,2019-01-25,1391.55,1365.7,0.9814235923969675
DMART,2019-01-28,1365.7,1372.75,1.0051621878889947
DMART,2019-01-29,1372.75,1384.55,1.008595884174103
DMART,2019-01-30,1384.55,1374.2,0.9925246469972194
DMART,2019-01-31,1374.2,1374.85,1.0004730024741666
DMART,2019-02-01,1374.85,1442.95,1.0495326762919592
DMART,2019-02-04,1442.95,1473.9,1.0214491146609377
DMART,2019-02-05,1473.9,1471.7,0.9985073614220774
DMART,2019-02-06,1471.7,1512.65,1.0278249643269688
DMART,2019-02-07,1512.65,1496.35,0.9892242091693385
DMART,2019-02-08,1496.35,1477.5,0.9874026798543122
DMART,2019-02-11,1477.5,1451.3,0.9822673434856176
DMART,2019-02-12,1451.3,1442.25,0.9937642113966789
DMART,2019-02-13,1442.25,1428.8,0.9906742936384122
DMART,2019-02-14,1428.8,1465.4,1.025615901455767
DMART,2019-02-15,1465.4,1464.3,0.9992493517128428
DMART,2019-02-18,1464.3,1436.05,0.9807075052926313
DMART,2019-02-19,1436.05,1433.3,0.9980850248946763
DMART,2019-02-20,1433.3,1472.95,1.0276634340333497
DMART,2019-02-21,1472.95,1461.05,0.9919209749142875
DMART,2019-02-22,1461.05,1487.9,1.0183771944834195
DMART,2019-02-25,1487.9,1495.95,1.0054103098326501
DMART,2019-02-26,1495.95,1469.35,0.9822186570406765
DMART,2019-02-27,1469.35,1450.15,0.9869329975839658
DMART,2019-02-28,1450.15,1455.8,1.003896148674275
DMART,2019-03-01,1455.8,1456.55,1.0005151806566837
DMART,2019-03-05,1456.55,1471.95,1.0105729291819712
DMART,2019-03-06,1471.95,1470.35,0.9989130065559291
DMART,2019-03-07,1470.35,1457.45,0.9912265787057504
DMART,2019-03-08,1457.45,1450.4,0.9951627843150709
DMART,2019-03-11,1450.4,1482.2,1.0219249862107005
DMART,2019-03-12,1482.2,1510.6,1.0191607070570772
DMART,2019-03-13,1510.6,1501.4,0.9939097047530784
DMART,2019-03-14,1501.4,1467.3,0.9772878646596509
DMART,2019-03-15,1467.3,1478.5,1.0076330675390173
DMART,2019-03-18,1478.5,1478.8,1.0002029083530606
DMART,2019-03-19,1478.8,1479.55,1.000507167974033
DMART,2019-03-20,1479.55,1482.15,1.0017572910682302
DMART,2019-03-22,1482.15,1503.7,1.0145396889653544
DMART,2019-03-25,1503.7,1471.2,0.9783866462725278
DMART,2019-03-26,1471.2,1477.95,1.0045880913539968
DMART,2019-03-27,1477.95,1479.4,1.0009810886701174
DMART,2019-03-28,1479.4,1472.5,0.9953359470055427
DMART,2019-03-29,1472.5,1471.1,0.9990492359932087
DMART,2019-04-01,1471.1,1492.95,1.0148528312147373
DMART,2019-04-02,1492.95,1492.85,0.999933018520379
DMART,2019-04-03,1492.85,1478.55,0.9904210067990756
DMART,2019-04-04,1478.55,1443.6,0.9763619762605255
DMART,2019-04-05,1443.6,1449.3,1.0039484621778887
DMART,2019-04-08,1449.3,1481.85,1.0224591181949907
DMART,2019-04-09,1481.85,1486.2,1.0029355197894525
DMART,2019-04-10,1486.2,1522.3,1.024290135917104
DMART,2019-04-11,1522.3,1472.6,0.9673520331077974
DMART,2019-04-12,1472.6,1465.35,0.9950767350264837
DMART,2019-04-15,1465.35,1453.25,0.9917425870952333
DMART,2019-04-16,1453.25,1410.65,0.9706863925683813
DMART,2019-04-18,1410.65,1358.5,0.9630312267394463
DMART,2019-04-22,1358.5,1324.8,0.9751932278248068
DMART,2019-04-23,1324.8,1286.05,0.9707503019323671
DMART,2019-04-24,1286.05,1331.15,1.035068620971191
DMART,2019-04-25,1331.15,1328.05,0.997671186568005
DMART,2019-04-26,1328.05,1301.15,0.979744738526411
DMART,2019-04-30,1301.15,1295.5,0.99565768743035
DMART,2019-05-02,1295.5,1265.2,0.9766113469702817
DMART,2019-05-03,1265.2,1262.45,0.9978264306038571
DMART,2019-05-06,1262.45,1249.65,0.9898609845934493
DMART,2019-05-07,1249.65,1255.1,1.0043612211419195
DMART,2019-05-08,1255.1,1245.55,0.9923910445382839
DMART,2019-05-09,1245.55,1251.6,1.0048572919593752
DMART,2019-05-10,1251.6,1250.75,0.9993208692873123
DMART,2019-05-13,1250.75,1251.9,1.0009194483310015
DMART,2019-05-14,1251.9,1250.25,0.9986820033549004
DMART,2019-05-15,1250.25,1237.6,0.9898820235952809
DMART,2019-05-16,1237.6,1253.8,1.0130898513251454
DMART,2019-05-17,1253.8,1234.25,0.9844074014994417
DMART,2019-05-20,1234.25,1318.1,1.0679359935183308
DMART,2019-05-21,1318.1,1272.1,0.9651012821485472
DMART,2019-05-22,1272.1,1299.15,1.0212640515682732
DMART,2019-05-23,1299.15,1303.15,1.0030789362275334
DMART,2019-05-24,1303.15,1341.05,1.0290833748992825
DMART,2019-05-27,1341.05,1289.95,0.961895529622311
DMART,2019-05-28,1289.95,1310.5,1.015930850032947
DMART,2019-05-29,1310.5,1307.05,0.997367417016406
DMART,2019-05-30,1307.05,1303.9,0.9975899927317242
DMART,2019-05-31,1303.9,1323.1,1.0147250556024234
DMART,2019-06-03,1323.1,1340.3,1.0129997732597689
DMART,2019-06-04,1340.3,1333.05,0.9945907632619563
DMART,2019-06-06,1333.05,1317.65,0.9884475451033345
DMART,2019-06-07,1317.65,1296.65,0.9840625355746974
DMART,2019-06-10,1296.65,1299.7,1.0023522153241045
DMART,2019-06-11,1299.7,1296.9,0.9978456566900055
DMART,2019-06-12,1296.9,1310.5,1.0104865448376898
DMART,2019-06-13,1310.5,1305.0,0.995803128576879
DMART,2019-06-14,1305.0,1330.6,1.0196168582375478
DMART,2019-06-17,1330.6,1297.5,0.9751240042086278
DMART,2019-06-18,1297.5,1342.0,1.0342967244701349
DMART,2019-06-19,1342.0,1335.7,0.9953055141579732
DMART,2019-06-20,1335.7,1336.15,1.0003369019989519
DMART,2019-06-21,1336.15,1320.45,0.9882498222504958
DMART,2019-06-24,1320.45,1329.2,1.0066265288348668
DMART,2019-06-25,1329.2,1330.65,1.0010908817333735
DMART,2019-06-26,1330.65,1387.45,1.0426859053845865
DMART,2019-06-27,1387.45,1390.55,1.002234314750081
DMART,2019-06-28,1390.55,1397.9,1.005285678328719
DMART,2019-07-01,1397.9,1426.05,1.0201373488804635
DMART,2019-07-02,1426.05,1446.6,1.0144104344167455
DMART,2019-07-03,1446.6,1460.1,1.0093322272915803
DMART,2019-07-04,1460.1,1433.0,0.9814396274227793
DMART,2019-07-05,1433.0,1356.15,0.9463712491277042
DMART,2019-07-08,1356.15,1393.0,1.0271725104155145
DMART,2019-07-09,1393.0,1374.95,0.9870423546302943
DMART,2019-07-10,1374.95,1350.8,0.9824357249354522
DMART,2019-07-11,1350.8,1373.0,1.0164347053597869
DMART,2019-07-12,1373.0,1359.4,0.9900946831755281
DMART,2019-07-15,1359.4,1425.25,1.048440488450787
DMART,2019-07-16,1425.25,1463.6,1.0269075600771793
DMART,2019-07-17,1463.6,1463.8,1.0001366493577482
DMART,2019-07-18,1463.8,1439.4,0.9833310561552125
DMART,2019-07-19,1439.4,1402.05,0.974051688203418
DMART,2019-07-22,1402.05,1417.55,1.011055240540637
DMART,2019-07-23,1417.55,1402.35,0.9892772741702233
DMART,2019-07-24,1402.35,1423.9,1.0153670624309197
DMART,2019-07-25,1423.9,1420.15,0.9973663880890512
DMART,2019-07-26,1420.15,1425.05,1.003450339752843
DMART,2019-07-29,1425.05,1449.9,1.0174379846321182
DMART,2019-07-30,1449.9,1459.7,1.0067590868335747
DMART,2019-07-31,1459.7,1482.7,1.0157566623278755
DMART,2019-08-01,1482.7,1483.6,1.0006070007418897
DMART,2019-08-02,1483.6,1514.2,1.0206255055270963
DMART,2019-08-05,1514.2,1490.05,0.9840509840179632
DMART,2019-08-06,1490.05,1490.45,1.000268447367538
DMART,2019-08-07,1490.45,1434.3,0.9623268140494481
DMART,2019-08-08,1434.3,1429.75,0.9968277208394339
DMART,2019-08-09,1429.75,1450.8,1.0147228536457422
DMART,2019-08-13,1450.8,1460.9,1.0069616763165152
DMART,2019-08-14,1460.9,1490.6,1.0203299336025737
DMART,2019-08-16,1490.6,1492.7,1.0014088286596003
DMART,2019-08-19,1492.7,1504.7,1.0080391237355129
DMART,2019-08-20,1504.7,1475.0,0.9802618462151924
DMART,2019-08-21,1475.0,1481.75,1.0045762711864408
DMART,2019-08-22,1481.75,1485.75,1.0026995107136831
DMART,2019-08-23,1485.75,1470.2,0.9895339054349656
DMART,2019-08-26,1470.2,1531.05,1.0413889266766425
DMART,2019-08-27,1531.05,1534.1,1.0019920969269456
DMART,2019-08-28,1534.1,1553.3,1.01251548138974
DMART,2019-08-29,1553.3,1547.05,0.9959763085044744
DMART,2019-08-30,1547.05,1571.15,1.0155780356161728
DMART,2019-09-03,1571.15,1508.0,0.95980651115425
DMART,2019-09-04,1508.0,1524.85,1.0111737400530503
DMART,2019-09-05,1524.85,1521.75,0.9979670131488344
DMART,2019-09-06,1521.75,1529.7,1.0052242483982257
DMART,2019-09-09,1529.7,1568.8,1.0255605674315225
DMART,2019-09-11,1568.8,1571.05,1.001434217236104
DMART,2019-09-12,1571.05,1568.25,0.9982177524585468
DMART,2019-09-13,1568.25,1569.55,1.0008289494659652
DMART,2019-09-16,1569.55,1596.25,1.0170112452613806
DMART,2019-09-17,1596.25,1603.05,1.0042599843382929
DMART,2019-09-18,1603.05,1646.9,1.0273541062349896
DMART,2019-09-19,1646.9,1619.35,0.9832716011901147
DMART,2019-09-20,1619.35,1761.2,1.087596875289468
DMART,2019-09-23,1761.2,1917.0,1.0884624119918238
DMART,2019-09-24,1917.0,1880.25,0.980829420970266
DMART,2019-09-25,1880.25,1902.2,1.0116739795239995
DMART,2019-09-26,1902.2,1878.8,0.9876984544211964
DMART,2019-09-27,1878.8,1894.55,1.0083830104321907
DMART,2019-09-30,1894.55,1860.6,0.9820801773508221
DMART,2019-10-01,1860.6,1896.0,1.019026120606256
DMART,2019-10-03,1896.0,1885.2,0.9943037974683544
DMART,2019-10-04,1885.2,1894.65,1.0050127307447485
DMART,2019-10-07,1894.65,1847.3,0.9750085767819914
DMART,2019-10-09,1847.3,1820.4,0.985438207113084
DMART,2019-10-10,1820.4,1821.35,1.0005218633267412
DMART,2019-10-11,1821.35,1843.2,1.0119965959315893
DMART,2019-10-14,1843.2,1828.05,0.9917805989583333
DMART,2019-10-15,1828.05,1838.7,1.0058258800361042
DMART,2019-10-16,1838.7,1870.5,1.0172948278675151
DMART,2019-10-17,1870.5,1925.6,1.0294573643410851
DMART,2019-10-18,1925.6,1924.85,0.9996105110095554
DMART,2019-10-22,1924.85,1913.95,0.9943372210821623
DMART,2019-10-23,1913.95,1900.75,0.9931032681104521
DMART,2019-10-24,1900.75,1892.3,0.9955543864264106
DMART,2019-10-25,1892.3,1883.95,0.9955873804365059
DMART,2019-10-27,1883.95,1917.1,1.0175960083866344
DMART,2019-10-29,1917.1,1942.1,1.013040529967138
DMART,2019-10-30,1942.1,1975.7,1.0173008598939293
DMART,2019-10-31,1975.7,1994.65,1.0095915371766968
DMART,2019-11-01,1994.65,1966.6,0.9859373824981825
DMART,2019-11-04,1966.6,1956.65,0.9949405064578462
DMART,2019-11-05,1956.65,1976.85,1.0103237676641197
DMART,2019-11-06,1976.85,1978.85,1.0010117105496117
DMART,2019-11-07,1978.85,1987.85,1.0045480961164313
DMART,2019-11-08,1987.85,1968.85,0.9904419347536283
DMART,2019-11-11,1968.85,1966.2,0.9986540366203622
DMART,2019-11-13,1966.2,1959.95,0.9968212796256739
DMART,2019-11-14,1959.95,1920.0,0.9796168269598714
DMART,2019-11-15,1920.0,1870.85,0.9744010416666666
DMART,2019-11-18,1870.85,1829.45,0.9778710211935752
DMART,2019-11-19,1829.45,1841.65,1.0066686709120227
DMART,2019-11-20,1841.65,1826.2,0.9916107838079983
DMART,2019-11-21,1826.2,1818.75,0.995920490636294
DMART,2019-11-22,1818.75,1837.25,1.010171821305842
DMART,2019-11-25,1837.25,1837.65,1.0002177166961492
DMART,2019-11-26,1837.65,1787.2,0.9725464587924795
DMART,2019-11-27,1787.2,1846.15,1.032984556848702
DMART,2019-11-28,1846.15,1844.25,0.9989708311892316
DMART,2019-11-29,1844.25,1822.5,0.9882065880439203
DMART,2019-12-02,1822.5,1846.7,1.0132784636488341
DMART,2019-12-03,1846.7,1832.6,0.9923647587588671
DMART,2019-12-04,1832.6,1840.95,1.0045563680017462
DMART,2019-12-05,1840.95,1824.75,0.99120019555121
DMART,2019-12-06,1824.75,1801.4,0.9872037265378819
DMART,2019-12-09,1801.4,1780.55,0.98842566892417
DMART,2019-12-10,1780.55,1736.6,0.9753166156524669
DMART,2019-12-11,1736.6,1724.0,0.9927444431648048
DMART,2019-12-12,1724.0,1778.55,1.0316415313225058
DMART,2019-12-13,1778.55,1782.75,1.0023614742346294
DMART,2019-12-16,1782.75,1770.4,0.993072500350582
DMART,2019-12-17,1770.4,1883.95,1.0641380478987799
DMART,2019-12-18,1883.95,1913.5,1.0156851296478144
DMART,2019-12-19,1913.5,1935.6,1.0115495165926311
DMART,2019-12-20,1935.6,1919.6,0.9917338293035751
DMART,2019-12-23,1919.6,1923.1,1.0018232965201084
DMART,2019-12-24,1923.1,1907.4,0.9918360979668245
DMART,2019-12-26,1907.4,1921.1,1.007182552165251
DMART,2019-12-27,1921.1,1925.55,1.0023163812399147
DMART,2019-12-30,1925.55,1883.55,0.9781880501674847
DMART,2019-12-31,1883.55,1838.35,0.9760027607443391
DMART,2020-01-01,1838.35,1828.5,0.9946419343432971
DMART,2020-01-02,1828.5,1824.2,0.9976483456385016
DMART,2020-01-03,1824.2,1843.55,1.0106073895406205
DMART,2020-01-06,1843.55,1789.9,0.9708985381465108
DMART,2020-01-07,1789.9,1815.75,1.0144421476060115
DMART,2020-01-08,1815.75,1829.05,1.007324796915875
DMART,2020-01-09,1829.05,1880.55,1.0281566933654083
DMART,2020-01-10,1880.55,1876.95,0.9980856664273751
DMART,2020-01-13,1876.95,1914.65,1.0200857774581102
DMART,2020-01-14,1914.65,1930.75,1.008408847570052
DMART,2020-01-15,1930.75,1933.55,1.0014502136475463
DMART,2020-01-16,1933.55,1946.05,1.006464792738745
DMART,2020-01-17,1946.05,1990.55,1.0228668328151898
DMART,2020-01-20,1990.55,1936.65,0.9729220567179926
DMART,2020-01-21,1936.65,1912.35,0.9874525598327007
DMART,2020-01-22,1912.35,1914.7,1.0012288545506838
DMART,2020-01-23,1914.7,1924.7,1.0052227503003082
DMART,2020-01-24,1924.7,1948.6,1.0124175196134462
DMART,2020-01-27,1948.6,1951.5,1.0014882479729037
DMART,2020-01-28,1951.5,1930.45,0.9892134255700743
DMART,2020-01-29,1930.45,1974.65,1.022896215908208
DMART,2020-01-30,1974.65,2051.3,1.0388170055452866
DMART,2020-01-31,2051.3,2133.95,1.0402915224491784
DMART,2020-02-01,2133.95,2072.05,0.9709927599053401
DMART,2020-02-03,2072.05,2131.65,1.028763784657706
DMART,2020-02-04,2131.65,2155.3,1.0110946919053316
DMART,2020-02-05,2155.3,2248.9,1.043427829072519
DMART,2020-02-06,2248.9,2294.35,1.0202098803859665
DMART,2020-02-07,2294.35,2287.2,0.9968836489637588
DMART,2020-02-10,2287.2,2483.65,1.085891045820217
DMART,2020-02-11,2483.65,2394.5,0.9641052483240392
DMART,2020-02-12,2394.5,2482.15,1.0366047191480476
DMART,2020-02-13,2482.15,2544.15,1.0249783453860564
DMART,2020-02-14,2544.15,2408.35,0.9466226441051038
DMART,2020-02-17,2408.35,2339.45,0.9713912014449727
DMART,2020-02-18,2339.45,2364.9,1.0108786253179167
DMART,2020-02-19,2364.9,2424.5,1.0252019112858894
DMART,2020-02-20,2424.5,2462.65,1.015735203134667
DMART,2020-02-24,2462.65,2389.7,0.9703774389377295
DMART,2020-02-25,2389.7,2331.75,0.975750094154078
DMART,2020-02-26,2331.75,2358.4,1.0114291840892033
DMART,2020-02-27,2358.4,2319.7,0.9835905698778832
DMART,2020-02-28,2319.7,2323.95,1.0018321334655342
DMART,2020-03-02,2323.95,2228.95,0.9591213236085113
DMART,2020-03-03,2228.95,2233.05,1.0018394311222776
DMART,2020-05-27,2283.25,2200.2,0.9636264097229825
DMART,2020-05-28,2200.2,2308.45,1.0492000727206618
DMART,2020-05-29,2308.45,2269.35,0.983062227901839
DMART,2020-06-01,2269.35,2305.5,1.0159296714918369
DMART,2020-06-02,2305.5,2381.7,1.0330513988288874
DMART,2020-06-03,2381.7,2349.3,0.986396271570727
DMART,2020-06-04,2349.3,2414.2,1.02762525007449
DMART,2020-06-05,2414.2,2499.0,1.0351255074144645
DMART,2020-06-08,2499.0,2459.5,0.9841936774709884
DMART,2020-06-09,2459.5,2390.1,0.9717828826997357
DMART,2020-06-10,2390.1,2388.35,0.999267813062215
DMART,2020-06-11,2388.35,2406.5,1.0075993886993113
DMART,2020-06-12,2406.5,2397.8,0.9963847911905257
DMART,2020-06-15,2397.8,2365.3,0.9864459087496872
DMART,2020-06-16,2365.3,2403.55,1.0161713101932102
DMART,2020-06-17,2403.55,2340.4,0.9737263630879324
DMART,2020-06-18,2340.4,2350.85,1.0044650487096223
DMART,2020-06-19,2350.85,2363.15,1.0052321500733779
DMART,2020-06-22,2363.15,2350.4,0.9946046590356092
DMART,2020-06-23,2350.4,2359.9,1.0040418652144316
DMART,2020-06-24,2359.9,2358.35,0.9993431925081571
DMART,2020-06-25,2358.35,2305.55,0.9776114656433524
DMART,2020-06-26,2305.55,2294.4,0.9951638437682983
DMART,2020-06-29,2294.4,2290.95,0.9984963389121337
DMART,2020-06-30,2290.95,2317.15,1.0114363037167988
DMART,2020-07-01,2317.15,2289.35,0.988002503074898
DMART,2020-07-02,2289.35,2295.5,1.002686352021316
DMART,2020-07-03,2295.5,2290.15,0.9976693530821172
DMART,2020-07-06,2290.15,2323.0,1.0143440386000917
DMART,2020-07-07,2323.0,2361.7,1.01665949203616
DMART,2020-07-08,2361.7,2319.55,0.9821526866240422
DMART,2020-07-09,2319.55,2320.35,1.0003448944838438
DMART,2020-07-10,2320.35,2322.7,1.0010127782446614
DMART,2020-07-13,2322.7,2233.95,0.9617901580057692
DMART,2020-07-14,2233.95,2154.85,0.9645918664249424
DMART,2020-07-15,2154.85,2146.35,0.9960554098893194
DMART,2020-07-16,2146.35,2007.05,0.9350991217648567
DMART,2020-07-17,2007.05,1989.75,0.9913803841458858
DMART,2020-07-20,1989.75,2019.0,1.0147003392385978
DMART,2020-07-21,2019.0,2040.8,1.0107974244675582
DMART,2020-07-22,2040.8,2110.0,1.0339082712661702
DMART,2020-07-23,2110.0,2100.35,0.9954265402843602
DMART,2020-07-24,2100.35,2031.4,0.967172137977004
DMART,2020-07-27,2031.4,2026.1,0.9973909618981982
DMART,2020-07-28,2026.1,2051.4,1.0124870440748237
DMART,2020-07-29,2051.4,2049.7,0.9991712976503849
DMART,2020-07-30,2049.7,2040.2,0.9953651753915208
DMART,2020-07-31,2040.2,2063.45,1.0113959415743554
DMART,2020-08-03,2063.45,2093.15,1.0143933703263952
DMART,2020-08-04,2093.15,2165.1,1.0343740295726536
DMART,2020-08-05,2165.1,2163.45,0.9992379104891229
DMART,2020-08-06,2163.45,2150.55,0.994037301532275
DMART,2020-08-07,2150.55,2138.4,0.9943502824858756
DMART,2020-08-10,2138.4,2116.5,0.9897586980920314
DMART,2020-08-11,2116.5,2131.95,1.0072997873848333
DMART,2020-08-12,2131.95,2169.2,1.0174722671732452
DMART,2020-08-13,2169.2,2207.1,1.0174718790337451
DMART,2020-08-14,2207.1,2178.0,0.9868152779665625
DMART,2020-08-17,2178.0,2189.75,1.0053948576675849
DMART,2020-08-18,2189.75,2259.45,1.0318301175933324
DMART,2020-08-19,2259.45,2266.6,1.0031644869326606
DMART,2020-08-20,2266.6,2285.9,1.0085149563222449
DMART,2020-08-21,2285.9,2259.45,0.9884290651384574
DMART,2020-08-24,2259.45,2250.3,0.9959503418973645
DMART,2020-08-25,2250.3,2341.15,1.0403723947918055
DMART,2020-08-26,2341.15,2410.1,1.0294513380176409
DMART,2020-08-27,2410.1,2380.85,0.9878635741255549
DMART,2020-08-28,2380.85,2319.4,0.9741898901652771
DMART,2020-08-31,2319.4,2251.25,0.9706174010519961
DMART,2020-09-01,2251.25,2241.6,0.9957134925041643
DMART,2020-09-02,2241.6,2218.45,0.9896725553176302
DMART,2020-09-03,2218.45,2278.4,1.0270233721742659
DMART,2020-09-04,2278.4,2251.45,0.9881715238764044
DMART,2020-09-07,2251.45,2261.4,1.0044193741810834
DMART,2020-09-08,2261.4,2246.6,0.993455381622004
DMART,2020-09-09,2246.6,2222.7,0.9893617021276595
DMART,2020-09-10,2222.7,2237.75,1.0067710442254916
DMART,2020-09-11,2237.75,2239.35,1.0007150039101775
DMART,2020-09-14,2239.35,2162.7,0.9657713175698305
DMART,2020-09-15,2162.7,2136.15,0.9877236787349148
DMART,2020-09-16,2136.15,2135.95,0.9999063736160849
DMART,2020-09-17,2135.95,2139.05,1.0014513448348512
DMART,2020-09-18,2139.05,2149.05,1.0046749725345363
DMART,2020-09-21,2149.05,2097.45,0.9759893906609896
DMART,2020-09-22,2097.45,2049.3,0.977043552885647
DMART,2020-09-23,2049.3,2055.3,1.0029278290147856
DMART,2020-09-24,2055.3,2047.35,0.9961319515399211
DMART,2020-09-25,2047.35,2102.7,1.0270349476152099
DMART,2020-09-28,2102.7,2108.4,1.0027108003994865
DMART,2020-09-29,2108.4,2133.25,1.0117861885790171
DMART,2020-09-30,2133.25,2203.15,1.032766904957225
DMART,2020-10-01,2203.15,2184.8,0.9916710164991036
DMART,2020-10-05,2184.8,2110.45,0.9659694251190039
DMART,2020-10-06,2110.45,2083.05,0.9870169868985289
DMART,2020-10-07,2083.05,2066.1,0.991862893353496
DMART,2020-10-08,2066.1,2065.35,0.999636997241179
DMART,2020-10-09,2065.35,2057.6,0.9962476093640303
DMART,2020-10-12,2057.6,2002.6,0.9732698289269052
DMART,2020-10-13,2002.6,1977.45,0.9874413262758415
DMART,2020-10-14,1977.45,1974.55,0.9985334648157981
DMART,2020-10-15,1974.55,1977.7,1.001595300194981
DMART,2020-10-16,1977.7,1984.2,1.0032866461040604
DMART,2020-10-19,1984.2,2094.3,1.0554883580284247
DMART,2020-10-20,2094.3,2143.05,1.0232774674115457
DMART,2020-10-21,2143.05,2081.35,0.9712092578334616
DMART,2020-10-22,2081.35,2100.3,1.0091046676435969
DMART,2020-10-23,2100.3,2116.55,1.0077369899538162
DMART,2020-10-26,2116.55,2144.25,1.0130873355224304
DMART,2020-10-27,2144.25,2176.2,1.014900314795383
DMART,2020-10-28,2176.2,2240.2,1.029409061667126
DMART,2020-10-29,2240.2,2267.1,1.0120078564413892
DMART,2020-10-30,2267.1,2239.9,0.9880022936791496
DMART,2020-11-02,2239.9,2205.75,0.9847537836510558
DMART,2020-11-03,2205.75,2209.05,1.001496089765386
DMART,2020-11-04,2209.05,2290.8,1.0370068581516942
DMART,2020-11-05,2290.8,2281.95,0.9961367207962283
DMART,2020-11-06,2281.95,2294.6,1.0055435044589058
DMART,2020-11-09,2294.6,2325.85,1.0136189314041664
DMART,2020-11-10,2325.85,2362.4,1.0157146849538878
DMART,2020-11-11,2362.4,2398.2,1.015154080596004
DMART,2020-11-12,2398.2,2400.3,1.000875656742557
DMART,2020-11-13,2400.3,2383.05,0.9928133983252093
DMART,2020-11-14,2383.05,2374.15,0.9962652902792639
DMART,2020-11-17,2374.15,2432.15,1.0244297959269633
DMART,2020-11-18,2432.15,2375.05,0.9765228295952142
DMART,2020-11-19,2375.05,2392.2,1.0072209006126185
DMART,2020-11-20,2392.2,2382.6,0.9959869576122398
DMART,2020-11-23,2382.6,2360.4,0.9906824477461598
DMART,2020-11-24,2360.4,2380.25,1.008409591594645
DMART,2020-11-25,2380.25,2360.8,0.9918285894338831
DMART,2020-11-26,2360.8,2373.05,1.005188919010505
DMART,2020-11-27,2373.05,2289.2,0.9646657255430773
DMART,2020-12-01,2289.2,2426.7,1.060064651406605
DMART,2020-12-02,2426.7,2456.0,1.0120740099723906
DMART,2020-12-03,2456.0,2470.85,1.0060464169381107
DMART,2020-12-04,2470.85,2441.9,0.9882833842604772
DMART,2020-12-07,2441.9,2526.45,1.0346246775052212
DMART,2020-12-08,2526.45,2652.1,1.0497338162243464
DMART,2020-12-09,2652.1,2625.3,0.989894800346895
DMART,2020-12-10,2625.3,2622.05,0.9987620462423342
DMART,2020-12-11,2622.05,2685.1,1.024046070822448
DMART,2020-12-14,2685.1,2671.95,0.9951026032549998
DMART,2020-12-15,2671.95,2640.05,0.9880611538389567
DMART,2020-12-16,2640.05,2627.05,0.9950758508361585
DMART,2020-12-17,2627.05,2556.05,0.9729734873717668
DMART,2020-12-18,2556.05,2637.05,1.0316895209405137
DMART,2020-12-21,2637.05,2682.4,1.0171972469236457
DMART,2020-12-22,2682.4,2625.75,0.9788808529674917
DMART,2020-12-23,2625.75,2661.85,1.013748452823003
DMART,2020-12-24,2661.85,2673.1,1.00422638390593
DMART,2020-12-28,2673.1,2678.0,1.0018330777000486
DMART,2020-12-29,2678.0,2665.7,0.9954070201643016
DMART,2020-12-30,2665.7,2680.3,1.0054769854072103
DMART,2020-12-31,2680.3,2763.6,1.0310786106032905
DMART,2021-01-01,2763.6,2789.1,1.0092270950933564
DMART,2021-01-04,2789.1,2898.45,1.0392061955469507
DMART,2021-01-05,2898.45,2991.15,1.0319826113957462
DMART,2021-01-06,2991.15,2914.95,0.9745248483024923
DMART,2021-01-07,2914.95,2921.45,1.002229883874509
DMART,2021-01-08,2921.45,2967.5,1.0157627205668418
DMART,2021-01-11,2967.5,2984.85,1.0058466722830666
DMART,2021-01-12,2984.85,2998.2,1.0044725865621387
DMART,2021-01-13,2998.2,2926.1,0.9759522380094724
DMART,2021-01-14,2926.1,2895.55,0.9895594819042413
DMART,2021-01-15,2895.55,2820.95,0.9742363281587262
DMART,2021-01-18,2820.95,2744.9,0.97304099682731
DMART,2021-01-19,2744.9,2778.4,1.0122044518926008
DMART,2021-01-20,2778.4,2764.95,0.9951590843651021
DMART,2021-01-21,2764.95,2719.15,0.9834355051628421
DMART,2021-01-22,2719.15,2862.75,1.0528106209661108
DMART,2021-01-25,2862.75,2837.0,0.9910051523884377
DMART,2021-01-27,2837.0,2811.75,0.9910997532604864
DMART,2021-01-28,2811.75,2794.45,0.9938472481550635
DMART,2021-01-29,2794.45,2651.5,0.9488450321172325
DMART,2021-02-01,2651.5,2812.0,1.0605317744672826
DMART,2021-02-02,2812.0,2869.1,1.0203058321479375
DMART,2021-02-03,2869.1,2877.0,1.0027534767000106
DMART,2021-02-04,2877.0,2959.85,1.0287973583594021
DMART,2021-02-05,2959.85,2946.05,0.9953376015676471
DMART,2021-02-08,2946.05,2984.4,1.013017430118294
DMART,2021-02-09,2984.4,2925.0,0.9800965018094089
DMART,2021-02-10,2925.0,2967.7,1.0145982905982904
DMART,2021-02-11,2967.7,2951.9,0.9946760117262528
DMART,2021-02-12,2951.9,2928.9,0.9922084081439073
DMART,2021-02-15,2928.9,3044.55,1.039485813786746
DMART,2021-02-16,3044.55,3130.85,1.0283457325384704
DMART,2021-02-17,3130.85,3190.25,1.0189724835108678
DMART,2021-02-18,3190.25,3127.75,0.9804090588511872
DMART,2021-02-19,3127.75,3101.65,0.9916553432978978
DMART,2021-02-22,3101.65,2992.6,0.964841294149888
DMART,2021-02-23,2992.6,3151.95,1.053248011762347
DMART,2021-02-24,3151.95,3139.7,0.9961135170291406
DMART,2021-02-25,3139.7,3089.2,0.983915660731917
DMART,2021-02-26,3089.2,2994.2,0.9692477016703354
DMART,2021-03-01,2994.2,2908.45,0.9713612985104535
DMART,2021-03-02,2908.45,3073.5,1.0567484398906635
DMART,2021-03-03,3073.5,3167.7,1.0306490971205466
DMART,2021-03-04,3167.7,3178.7,1.0034725510622848
DMART,2021-03-05,3178.7,3286.1,1.0337873973637022
DMART,2021-03-08,3286.1,3191.15,0.9711055658683546
DMART,2021-03-09,3191.15,3151.85,0.9876846904720868
DMART,2021-03-10,3151.85,3155.2,1.0010628678395228
DMART,2021-03-12,3155.2,3129.35,0.9918071754563895
DMART,2021-03-15,3129.35,3108.75,0.9934171633086744
DMART,2021-03-16,3108.75,3071.0,0.9878568556493768
DMART,2021-03-17,3071.0,3014.85,0.9817160534028003
DMART,2021-03-18,3014.85,3034.6,1.006550906346916
DMART,2021-03-19,3034.6,2960.3,0.9755157187108681
DMART,2021-03-22,2960.3,2880.1,0.9729081512008917
DMART,2021-03-23,2880.1,2933.65,1.0185931044060972
DMART,2021-03-24,2933.65,2855.6,0.9733949175941233
DMART,2021-03-25,2855.6,2796.0,0.9791287295139376
DMART,2021-03-26,2796.0,2855.2,1.021173104434907
DMART,2021-03-30,2855.2,2837.55,0.9938182964415804
DMART,2021-03-31,2837.55,2859.05,1.0075769589963173
DMART,2021-04-01,2859.05,2912.7,1.0187649743796015
DMART,2021-04-05,2912.7,2846.95,0.9774264428193772
DMART,2021-04-06,2846.95,2843.65,0.998840864785121
DMART,2021-04-07,2843.65,2890.65,1.0165280537337578
DMART,2021-04-08,2890.65,2936.5,1.0158614844412157
DMART,2021-04-09,2936.5,2947.75,1.0038310914353823
DMART,2021-04-12,2947.75,2814.9,0.9549317275888389
DMART,2021-04-13,2814.9,2832.7,1.006323492841664
DMART,2021-04-15,2832.7,2928.9,1.033960532354291
DMART,2021-04-16,2928.9,2919.9,0.9969271740243778
DMART,2021-04-19,2919.9,2850.75,0.9763176821124011
DMART,2021-04-20,2850.75,2778.25,0.9745680961150575
DMART,2021-04-22,2778.25,2717.6,0.9781697111491047
DMART,2021-04-23,2717.6,2713.7,0.9985649102148955
DMART,2021-04-26,2713.7,2808.25,1.03484172900468
DMART,2021-04-27,2808.25,2826.95,1.006658951304193
DMART,2021-04-28,2826.95,2936.8,1.0388581333239004
DMART,2021-04-29,2936.8,2906.35,0.9896315717788068
DMART,2021-04-30,2906.35,2852.9,0.9816092349510556
DMART,2021-05-03,2852.9,2898.65,1.0160363139261803
DMART,2021-05-04,2898.65,2858.4,0.9861142255877736
DMART,2021-05-05,2858.4,2874.4,1.0055975370836832
DMART,2021-05-06,2874.4,2878.15,1.0013046200946285
DMART,2021-05-07,2878.15,2895.5,1.0060281778225595
DMART,2021-05-10,2895.5,2852.45,0.9851321015368675
DMART,2021-05-11,2852.45,2850.55,0.9993339059405074
DMART,2021-05-12,2850.55,2856.15,1.0019645331602673
DMART,2021-05-14,2856.15,2844.65,0.9959736008262872
DMART,2021-05-17,2844.65,2898.7,1.0190005800362083
DMART,2021-05-18,2898.7,3056.3,1.0543691999862008
DMART,2021-05-19,3056.3,3027.9,0.9907077184831332
DMART,2021-05-20,3027.9,3026.6,0.9995706595330096
DMART,2021-05-21,3026.6,3034.15,1.0024945483380692
DMART,2021-05-24,3034.15,3040.45,1.002076364055831
DMART,2021-05-25,3040.45,3103.85,1.0208521764870333
DMART,2021-05-26,3103.85,3096.2,0.9975353190392576
DMART,2021-05-27,3096.2,3025.5,0.9771655577805052
DMART,2021-05-28,3025.5,3022.1,0.9988762188068088
DMART,2021-05-31,3022.1,3069.4,1.0156513682538633
DMART,2021-06-01,3069.4,3044.8,0.9919854043135466
DMART,2021-06-02,3044.8,3066.2,1.0070283762480292
DMART,2021-06-03,3066.2,3192.7,1.0412562781292805
DMART,2021-06-04,3192.7,3197.0,1.0013468224386883
DMART,2021-06-07,3197.0,3188.95,0.9974820143884892
DMART,2021-06-08,3188.95,3179.8,0.9971307170071655
DMART,2021-06-09,3179.8,3194.7,1.0046858292974399
DMART,2021-06-10,3194.7,3194.5,0.9999373963126429
DMART,2021-06-11,3194.5,3175.55,0.9940679292534044
DMART,2021-06-14,3175.55,3274.1,1.0310339941112563
DMART,2021-06-15,3274.1,3359.5,1.0260835038636573
DMART,2021-06-16,3359.5,3310.4,0.9853847298705165
DMART,2021-06-17,3310.4,3285.55,0.9924933542774287
DMART,2021-06-18,3285.55,3317.7,1.009785271872289
DMART,2021-06-21,3317.7,3311.0,0.9979805286795069
DMART,2021-06-22,3311.0,3373.8,1.0189670794321957
DMART,2021-06-23,3373.8,3310.9,0.9813563341039777
DMART,2021-06-24,3310.9,3323.8,1.003896221571174
DMART,2021-06-25,3323.8,3315.35,0.9974577291052409
DMART,2021-06-28,3315.35,3332.2,1.0050824196540336
DMART,2021-06-29,3332.2,3270.85,0.9815887401716584
DMART,2021-06-30,3270.85,3344.1,1.0223947903450175
DMART,2021-07-01,3344.1,3315.65,0.9914924792918872
DMART,2021-07-02,3315.65,3314.3,0.9995928400162865
DMART,2021-07-05,3314.3,3360.65,1.0139848535135625
DMART,2021-07-06,3360.65,3364.6,1.001175367860384
DMART,2021-07-07,3364.6,3396.4,1.0094513463710397
DMART,2021-07-08,3396.4,3389.2,0.9978801083500176
DMART,2021-07-09,3389.2,3377.6,0.9965773633895905
DMART,2021-07-12,3377.6,3349.05,0.9915472524869731
DMART,2021-07-13,3349.05,3355.0,1.0017766232215106
DMART,2021-07-14,3355.0,3330.05,0.9925633383010433
DMART,2021-07-15,3330.05,3328.5,0.9995345415234005
DMART,2021-07-16,3328.5,3349.2,1.0062190175754844
DMART,2021-07-19,3349.2,3331.6,0.9947450137346232
DMART,2021-07-20,3331.6,3397.3,1.019720254532357
DMART,2021-07-22,3397.3,3397.35,1.0000147175698348
DMART,2021-07-23,3397.35,3413.2,1.0046654009742888
DMART,2021-07-26,3413.2,3483.55,1.020611156685808
DMART,2021-07-27,3483.55,3499.4,1.0045499562228186
DMART,2021-07-28,3499.4,3488.5,0.9968851803166257
DMART,2021-07-29,3488.5,3502.6,1.0040418517987673
DMART,2021-07-30,3502.6,3500.8,0.9994860960429396
DMART,2021-08-02,3500.8,3502.4,1.0004570383912248
DMART,2021-08-03,3502.4,3566.25,1.01823035632709
DMART,2021-08-04,3566.25,3593.05,1.0075148966000702
DMART,2021-08-05,3593.05,3564.15,0.9919566941734738
DMART,2021-08-06,3564.15,3529.2,0.990194015403392
DMART,2021-08-09,3529.2,3523.0,0.998243227927009
DMART,2021-08-10,3523.0,3551.65,1.0081322736304286
DMART,2021-08-11,3551.65,3563.95,1.0034631790857769
DMART,2021-08-12,3563.95,3561.0,0.9991722667265254
DMART,2021-08-13,3561.0,3594.55,1.0094215108115698
DMART,2021-08-16,3594.55,3633.5,1.0108358487154163
DMART,2021-08-17,3633.5,3634.35,1.0002339342232007
DMART,2021-08-18,3634.35,3650.6,1.004471225941365
DMART,2021-08-20,3650.6,3643.1,0.9979455431983784
DMART,2021-08-23,3643.1,3673.75,1.0084131646125554
DMART,2021-08-24,3673.75,3708.55,1.0094726097312012
DMART,2021-08-25,3708.55,3789.7,1.0218818675762764
DMART,2021-08-26,3789.7,3847.8,1.015331028841333
DMART,2021-08-27,3847.8,3833.05,0.9961666406777899
DMART,2021-08-30,3833.05,3888.35,1.0144271533113316
DMART,2021-08-31,3888.35,3954.8,1.0170895109750924
DMART,2021-09-01,3954.8,3968.6,1.0034894305653888
DMART,2021-09-02,3968.6,3917.65,0.9871617194980599
DMART,2021-09-03,3917.65,3938.9,1.0054241701019744
DMART,2021-09-06,3938.9,3921.3,0.9955317474421793
DMART,2021-09-07,3921.3,3937.55,1.00414403386632
DMART,2021-09-08,3937.55,3932.95,0.9988317608665286
DMART,2021-09-09,3932.95,3950.5,1.0044622992918801
DMART,2021-09-13,3950.5,3961.85,1.002873054043792
DMART,2021-09-14,3961.85,3979.7,1.0045054709289851
DMART,2021-09-15,3979.7,3982.6,1.000728698143076
DMART,2021-09-16,3982.6,4084.5,1.0255863004067696
DMART,2021-09-17,4084.5,4239.65,1.0379850654914922
DMART,2021-09-20,4239.65,4355.9,1.0274197162501622
DMART,2021-09-21,4355.9,4361.95,1.0013889207741224
DMART,2021-09-22,4361.95,4378.65,1.0038285629133759
DMART,2021-09-23,4378.65,4409.9,1.0071369029267012
DMART,2021-09-24,4409.9,4422.35,1.0028231932696887
DMART,2021-09-27,4422.35,4385.75,0.9917238572252308
DMART,2021-09-28,4385.75,4315.75,0.9840392179216781
DMART,2021-09-29,4315.75,4251.2,0.9850431558825232
DMART,2021-09-30,4251.2,4250.2,0.999764772299586
DMART,2021-10-01,4250.2,4235.6,0.9965648675356455
DMART,2021-10-04,4235.6,4257.35,1.0051350458022477
DMART,2021-10-05,4257.35,4257.3,0.9999882556050125
DMART,2021-10-06,4257.3,4218.55,0.9908979869870576
DMART,2021-10-07,4218.55,4311.7,1.0220810468051817
DMART,2021-10-08,4311.7,4407.95,1.0223229816545678
DMART,2021-10-11,4407.95,4719.45,1.0706677707324266
DMART,2021-10-12,4719.45,4739.0,1.0041424318511691
DMART,2021-10-13,4739.0,5117.15,1.079795315467398
DMART,2021-10-14,5117.15,5323.75,1.0403740363288159
DMART,2021-10-18,5323.75,4897.8,0.9199906081239728
DMART,2021-10-19,4897.8,4754.55,0.9707521744456695
DMART,2021-10-20,4754.55,4596.4,0.9667371254903196
DMART,2021-10-21,4596.4,4521.25,0.9836502480201897
DMART,2021-10-22,4521.25,4521.45,1.0000442355543266
DMART,2021-10-25,4521.45,4400.6,0.973271848632629
DMART,2021-10-26,4400.6,4568.5,1.0381538881061672
DMART,2021-10-27,4568.5,4733.0,1.0360074422677028
DMART,2021-10-28,4733.0,4675.65,0.9878829495034861
DMART,2021-10-29,4675.65,4635.45,0.9914022649257322
DMART,2021-11-01,4635.45,4564.75,0.9847479748460236
DMART,2021-11-02,4564.75,4597.05,1.007075962539022
DMART,2021-11-03,4597.05,4741.3,1.0313788190252444
DMART,2021-11-04,4741.3,4783.7,1.0089426950414442
DMART,2021-11-08,4783.7,4748.5,0.9926416790350566
DMART,2021-11-09,4748.5,4757.15,1.0018216278824892
DMART,2021-11-10,4757.15,4960.3,1.042704140083874
DMART,2021-11-11,4960.3,4997.75,1.007549946575812
DMART,2021-11-12,4997.75,5078.55,1.0161672752738733
DMART,2021-11-15,5078.55,5023.3,0.9891209104961062
DMART,2021-11-16,5023.3,5081.5,1.0115860091971414
DMART,2021-11-17,5081.5,5126.4,1.0088359736298336
DMART,2021-11-18,5126.4,5080.9,0.9911243757802747
DMART,2021-11-22,5080.9,4828.3,0.9502843984333486
DMART,2021-11-23,4828.3,4843.3,1.003106683511795
DMART,2021-11-24,4843.3,4882.6,1.0081143022319494
DMART,2021-11-25,4882.6,4894.5,1.0024372260680785
DMART,2021-11-26,4894.5,4718.75,0.9640923485545
DMART,2021-11-29,4718.75,4673.35,0.9903788079470199
DMART,2021-11-30,4673.35,4710.9,1.0080349214161146
DMART,2021-12-01,4710.9,4693.7,0.9963488929928465
DMART,2021-12-02,4693.7,4782.95,1.0190148496921405
DMART,2021-12-03,4782.95,4799.05,1.0033661234175562
DMART,2021-12-06,4799.05,4593.45,0.9571581875579541
DMART,2021-12-07,4593.45,4660.65,1.0146295268262417
DMART,2021-12-08,4660.65,4814.6,1.033031873236566
DMART,2021-12-09,4814.6,4821.2,1.0013708303908941
DMART,2021-12-10,4821.2,4796.6,0.9948975358831827
DMART,2021-12-13,4796.6,4765.8,0.9935787849726889
DMART,2021-12-14,4765.8,4814.4,1.010197658315498
DMART,2021-12-15,4814.4,4749.45,0.986509222333001
DMART,2021-12-16,4749.45,4742.1,0.9984524523892241
DMART,2021-12-17,4742.1,4697.8,0.9906581472343476
DMART,2021-12-20,4697.8,4618.95,0.9832155477031801
DMART,2021-12-21,4618.95,4587.4,0.9931694432717392
DMART,2021-12-22,4587.4,4655.85,1.014921306186511
DMART,2021-12-23,4655.85,4647.9,0.9982924707625889
DMART,2021-12-24,4647.9,4628.9,0.9959121323608512
DMART,2021-12-27,4628.9,4668.65,1.0085873533668905
DMART,2021-12-28,4668.65,4721.95,1.011416576526405
DMART,2021-12-29,4721.95,4683.95,0.9919524772604539
DMART,2021-12-30,4683.95,4639.35,0.9904781220978022
DMART,2021-12-31,4639.35,4671.45,1.0069190727149275
DMART,2022-01-03,4671.45,4711.5,1.0085733551680955
DMART,2022-01-04,4711.5,4726.95,1.003279210442534
DMART,2022-01-05,4726.95,4687.4,0.991633082643142
DMART,2022-01-06,4687.4,4705.65,1.003893416392883
DMART,2022-01-07,4705.65,4731.35,1.0054615196625334
DMART,2022-01-10,4731.35,4633.55,0.9793293668826022
DMART,2022-01-11,4633.55,4504.9,0.9722351113077445
DMART,2022-01-12,4504.9,4276.1,0.9492108592865548
DMART,2022-01-13,4276.1,4254.6,0.9949720539744159
DMART,2022-01-14,4254.6,4322.7,1.0160062050486531
DMART,2022-01-17,4322.7,4400.5,1.0179980105026951
DMART,2022-01-18,4400.5,4441.15,1.009237586637882
DMART,2022-01-19,4441.15,4483.4,1.009513301734911
DMART,2022-01-20,4483.4,4483.55,1.0000334567515725
DMART,2022-01-21,4483.55,4299.8,0.9590168504867794
DMART,2022-01-24,4299.8,4035.3,0.9384855109539979
DMART,2022-01-25,4035.3,4095.45,1.0149059549475874
DMART,2022-01-27,4095.45,4063.3,0.992149824805577
DMART,2022-01-28,4063.3,4076.0,1.0031255383555238
DMART,2022-01-31,4076.0,4114.35,1.0094087340529931
DMART,2022-02-01,4114.35,4225.6,1.027039508063242
DMART,2022-02-02,4225.6,4236.65,1.0026150132525558
DMART,2022-02-03,4236.65,4140.0,0.9771871643869567
DMART,2022-02-04,4140.0,4081.9,0.9859661835748792
DMART,2022-02-07,4081.9,4073.55,0.9979543839878489
DMART,2022-02-08,4073.55,4015.0,0.9856267874458395
DMART,2022-02-09,4015.0,4002.1,0.9967870485678705
DMART,2022-02-10,4002.1,4162.7,1.040128932310537
DMART,2022-02-11,4162.7,4142.25,0.9950873231316213
DMART,2022-02-14,4142.25,3979.75,0.9607701128613676
DMART,2022-02-15,3979.75,4081.75,1.0256297506124756
DMART,2022-02-16,4081.75,4051.15,0.9925032155325535
DMART,2022-02-17,4051.15,4115.4,1.0158596941609173
DMART,2022-02-18,4115.4,4073.1,0.9897215337512758
DMART,2022-02-21,4073.1,4096.6,1.0057695612678306
DMART,2022-02-22,4096.6,4157.1,1.014768344480789
DMART,2022-02-23,4157.1,4193.45,1.0087440763994129
DMART,2022-02-24,4193.45,4014.65,0.9573620765717965
DMART,2022-02-25,4014.65,4190.75,1.0438643468297362
DMART,2022-02-28,4190.75,4340.35,1.0356976674819545
DMART,2022-03-02,4340.35,4295.15,0.9895860932874075
DMART,2022-03-03,4295.15,4276.5,0.9956578932051268
DMART,2022-03-04,4276.5,4110.2,0.9611130597451186
DMART,2022-03-07,4110.2,3991.65,0.9711571213079656
DMART,2022-03-08,3991.65,4124.0,1.0331567146418148
DMART,2022-03-09,4124.0,4096.7,0.993380213385063
DMART,2022-03-10,4096.7,4168.6,1.0175507115483196
DMART,2022-03-11,4168.6,4198.95,1.0072806217914887
DMART,2022-03-14,4198.95,4168.25,0.9926886483525644
DMART,2022-03-15,4168.25,4231.05,1.01506627481557
DMART,2022-03-16,4231.05,4169.55,0.985464600985571
DMART,2022-03-17,4169.55,4192.75,1.0055641496084708
DMART,2022-03-21,4192.75,4095.2,0.9767336473674796
DMART,2022-03-22,4095.2,4054.0,0.9899394412971284
DMART,2022-03-23,4054.0,4091.35,1.0092131228416379
DMART,2022-03-24,4091.35,4042.85,0.9881457220721767
DMART,2022-03-25,4042.85,4001.3,0.9897225966830331
DMART,2022-03-28,4001.3,4010.05,1.0021867892934797
DMART,2022-03-29,4010.05,4006.1,0.999014974875625
DMART,2022-03-30,4006.1,3973.4,0.9918374478919648
DMART,2022-03-31,3973.4,4003.35,1.0075376252076307
DMART,2022-04-01,4003.35,4082.2,1.0196960045961507
DMART,2022-04-04,4082.2,4106.65,1.0059894174709716
DMART,2022-04-05,4106.65,4109.7,1.0007426978193905
DMART,2022-04-06,4109.7,4101.9,0.9981020512446164
DMART,2022-04-07,4101.9,4159.7,1.0140910309856408
DMART,2022-04-08,4159.7,4146.25,0.9967665937447413
DMART,2022-04-11,4146.25,4171.6,1.0061139583961412
DMART,2022-04-12,4171.6,4088.7,0.9801275290056571
DMART,2022-04-13,4088.7,4090.9,1.0005380683346785
DMART,2022-04-18,4090.9,4056.0,0.9914688699308221
DMART,2022-04-19,4056.0,4008.9,0.9883875739644971
DMART,2022-04-20,4008.9,4054.8,1.0114495248073039
DMART,2022-04-21,4054.8,4030.25,0.993945447371017
DMART,2022-04-22,4030.25,4028.85,0.9996526270082501
DMART,2022-04-25,4028.85,3989.2,0.9901584819489432
DMART,2022-04-26,3989.2,4044.25,1.0137997593502457
DMART,2022-04-27,4044.25,3977.7,0.9835445385423749
DMART,2022-04-28,3977.7,4024.55,1.0117781632601757
DMART,2022-04-29,4024.55,3944.25,0.9800474587220931
DMART,2022-05-02,3944.25,3983.35,1.0099131647334727
DMART,2022-05-04,3983.35,3867.15,0.9708285739390212
DMART,2022-05-05,3867.15,3943.8,1.0198207982622862
DMART,2022-05-06,3943.8,3666.2,0.9296110350423449
DMART,2022-05-09,3666.2,3520.3,0.9602040259669413
DMART,2022-05-10,3520.3,3414.95,0.9700735732750049
DMART,2022-05-11,3414.95,3339.7,0.9779645382802091
DMART,2022-05-12,3339.7,3270.45,0.979264604605204
DMART,2022-05-13,3270.45,3230.6,0.9878151324741243
DMART,2022-05-16,3230.6,3561.1,1.1023029777750264
DMART,2022-05-17,3561.1,3657.0,1.026929881216478
DMART,2022-05-18,3657.0,3664.05,1.0019278096800657
DMART,2022-05-19,3664.05,3614.85,0.9865722356408891
DMART,2022-05-20,3614.85,3630.4,1.004301699932224
DMART,2022-05-23,3630.4,3574.1,0.9844920669898634
DMART,2022-05-24,3574.1,3656.75,1.0231247027223638
DMART,2022-05-25,3656.75,3586.45,0.9807752785943802
DMART,2022-05-26,3586.45,3577.45,0.997490554726819
DMART,2022-05-27,3577.45,3613.85,1.0101748452109742
DMART,2022-05-30,3613.85,3796.4,1.0505139947701205
DMART,2022-05-31,3796.4,3972.8,1.0464650721736382
DMART,2022-06-01,3972.8,3874.05,0.9751434756343134
DMART,2022-06-02,3874.05,3856.9,0.9955731082458925
DMART,2022-06-03,3856.9,3820.1,0.9904586585081282
DMART,2022-06-06,3820.1,3734.75,0.9776576529410225
DMART,2022-06-07,3734.75,3726.7,0.9978445679094986
DMART,2022-06-08,3726.7,3739.4,1.0034078407169882
DMART,2022-06-09,3739.4,3830.35,1.0243220837567524
DMART,2022-06-10,3830.35,3755.65,0.9804978657302857
DMART,2022-06-13,3755.65,3661.6,0.9749577303529349
DMART,2022-06-14,3661.6,3648.3,0.9963677081057462
DMART,2022-06-15,3648.3,3662.9,1.004001863881808
DMART,2022-06-16,3662.9,3682.6,1.0053782522045374
DMART,2022-06-17,3682.6,3460.55,0.9397029272796394
DMART,2022-06-20,3460.55,3479.1,1.0053604195864818
DMART,2022-06-21,3479.1,3519.55,1.0116265700899658
DMART,2022-06-22,3519.55,3486.35,0.9905669758918043
DMART,2022-06-23,3486.35,3440.45,0.9868343683221708
DMART,2022-06-24,3440.45,3412.0,0.9917307328983128
DMART,2022-06-27,3412.0,3408.6,0.9990035169988276
DMART,2022-06-28,3408.6,3479.95,1.0209323475913865
DMART,2022-06-29,3479.95,3445.25,0.9900285923648329
DMART,2022-06-30,3445.25,3406.1,0.9886365285538059
DMART,2022-07-01,3406.1,3388.75,0.9949061977041191
